{
  "author": "Gary Lee",
  "offer":{
    "Date": "01/04/2021",
    "customerName": "Henry Holland",
    "Address": "4 Florence Alley Coolidge Junction, Comanche, Namekagon 98001",
    "position": "Lead Quality Engineer",
    "managerName": "Tywin Lannister",
    "managerPosition": "Sr. Quality Manager",
    "Currency":"$",
    "baseSalary": "40000",
    "grossSalary": "20000",
    "positionType": "Full-time",
    "companyName": "Eagle Ventures Inc.",
    "benefitTerms": "You are also eligible for a benefits plan. Please refer Benefits summary page for full details",
    "dueDate": "04/04/2021",
    "requirements": [
      {"item": "Educational Certificates"},
      {"item": "Previous Employment History"},
      {"item": "Id-Proof"}
    ],
    "contact": "+1 541-000-8417"
  }
}