{
  "author": "Gary Lee",
  "Date": "01/04/2021",
  "candidate": {
    "Name": "Henry Holland",
    "Address": {
      "Line1": "4 Florence Alley",
      "line2": "Coolidge Junction",
      "city": "Comanche",
      "state": "Namekagon",
      "zip": 98001
    }
  },
  "offer": {
    "Currency": "$",
    "baseSalary": "40000",
    "grossSalary": "20000",
    "position": "Lead Quality Engineer",
    "positionType": "Full-time",
    "benefitTerms": "You are also eligible for a benefits plan. Please refer Benefits summary page for full details",
    "dueDate": "04/04/2021",
    "requirements": [
      {
        "item": "Educational Certificates"
      },
      {
        "item": "Previous Employment History"
      },
      {
        "item": "Id-Proof"
      }
    ]
  },
  "manager": {
    "Name": "Tywin Lannister",
    "Position": "Sr. Quality Manager"
  },
  "company": {
    "Name": "Eagle Ventures Inc.",
    "contactNumber": "+1 541-000-8417"
  }
}
