{  "author": "Gary Lee",  "Restaurant": {    "Name": "ABC Restaurant"  },  "Soups": [    {      "SoupName": "Soup 1",      "SoupPrice": 2.99,      "SoupDietaryRemarks": "Remarks for Soup 1"    },    {      "SoupName": "Soup 2",      "SoupPrice": 3.99,      "SoupDietaryRemarks": "Remarks for Soup 2"    },    {      "SoupName": "Soup 3",      "SoupPrice": 4.99,      "SoupDietaryRemarks": "Remarks for Soup 3"    }  ],  "Salads": [    {      "SaladsName": "Salad 1",      "SaladsPrice": 2.99,      "SaladsDietaryRemarks": "Remarks for Salad 1"    },    {      "SaladsName": "Salad 2",      "SaladsPrice": 3.99,      "SaladsDietaryRemarks": "Remarks for Salad 2"    },    {      "SaladsName": "Salad 3",      "SaladsPrice": 4.99,      "SaladsDietaryRemarks": "Remarks for Salad 3"    }  ],  "Tapas": [    {      "TapasName": "Tapas 1",      "TapasPrice": 2.99,      "TapasDietaryRemarks": "Remarks for Tapas 1"    },    {      "TapasName": "Tapas 2",      "TapasPrice": 3.99,      "TapasDietaryRemarks": "Remarks for Tapas 2"    },    {      "TapasName": "Tapas 3",      "TapasPrice": 4.99,      "TapasDietaryRemarks": "Remarks for Tapas 3"    }  ],  "Grill": [    {      "GrillName": "Grill 1",      "GrillPrice": 2.99,      "GrillDietaryRemarks": "Remarks for Grill 1"    },    {      "GrillName": "Grill 2",      "GrillPrice": 3.99,      "GrillDietaryRemarks": "Remarks for Grill 2"    },    {      "GrillName": "Grill 3",      "GrillPrice": 4.99,      "GrillDietaryRemarks": "Remarks for Grill 3"    }  ],  "Desserts": [    {      "DessertsName": "Desserts 1",      "DessertsPrice": 2.99,      "DessertsDietaryRemarks": "Remarks for Desserts 1"    },    {      "DessertsName": "Desserts 2",      "DessertsPrice": 3.99,      "DessertsDietaryRemarks": "Remarks for Desserts 2"    },    {      "DessertsName": "Desserts 3",      "DessertsPrice": 4.99,      "DessertsDietaryRemarks": "Remarks for Desserts 3"    }  ]}