{
  "author": "Gary Lee",
  "Date": {
    "Day": 20,
    "Month": "May",
    "Year": 2019
  },
  "Client": {
    "Name": "Mikey Lytell",
    "Company": "Bedells Corp.",
    "Contact": "+1-1100000011"
  },
  "Consultant": {
    "Name": "Ricki Paxton",
    "Company": "Moland Enterprises",
    "Contact": "+1-9000000012",
    "Fee": "$2000"
  },
  "FeeDate": "5th",
  "FormsofPayment": [
    {
      "FormofPayment": "Cash"
    },
    {
      "FormofPayment": "Credit Card"
    },
    {
      "FormofPayment": "Check"
    }
  ]
}
