{  "author": "Gary Lee",  "Topic": "Sample Whitepaper",  "ReportSummary": "This is the summary of this whitepaper.,",  "Values": [    {      "Value": "This is first value"    },    {      "Value": "This is second value"    }  ],  "Purposes": [    {      "Purpose": "This is first purpose"    },    {      "Purpose": "This is second purpose"    }  ],  "MethodologySnapshot": "This is the snapshot of methodology",  "NextSteps": [    {      "Step": "This is step 1"    },    {      "Step": "This is step 2"    }  ],  "Milestones": [    {      "Milestone": "Milestone 1",      "Date": "1 Jan, 2021",      "Notes": "Notes for milestone 1"    },    {      "Milestone": "Milestone 2",      "Date": "1 June, 2021",      "Notes": "Notes for milestone 2"    },    {      "Milestone": "Milestone 3",      "Date": "1 Dec, 2021",      "Notes": "Notes for milestone 3"    }  ],  "ConclusionSummary": "This is the summary of conclusion."}