{
  "author": "Gary Lee",
  "Company": "XYZ Enterprises",
  "SalesOrder": {
    "Customer": {
      "Name": "John Smith",
      "Company": "ABC Enterprises",
      "Title": "Mr",
      "Email": "john.smith@abc.com",
      "PO": "121xxx",
      "Address": {
        "City": "Some City 1",
        "Street": "Some Street 1",
        "Zip": "xx234xx"
      },
      "BillingAddress": {
        "City": "Some City 1",
        "Street": "Some Street 1",
        "Zip": "xx234xx"
      }
    },
    "AccountManager": {
      "Name": "Alex Dines",
      "Email": "alex.dines@xyz.com",
      "Title": "Mr"
    },
    "FeeStructure":{
    	"Description":"This is the description of the fee structure followed for the calculation of total fees",
    	"TotalFees":50000
    },
    "AgreementNumber": "23123432",
    "Currency": "US Dollar",
    "RenewalPeriodInMonths": "12",
    "Products": [
      {
        "Description": "This is Description 1",
        "BillingCycle": "2 months",
        "Quantity": 12,
        "LicenseTerm": {
          "StartDate": "04/10/2021",
          "EndDate": "06/09/2021"
        },
        "UnitPrice": 400,
        "MeasurableUnits": "1"
      },
      {
        "Description": "This is Description 2",
        "BillingCycle": "3 months",
        "Quantity": 5,
        "LicenseTerm": {
          "StartDate": "04/10/2021",
          "EndDate": "07/09/2021"
        },
        "UnitPrice": 600,
        "MeasurableUnits": "1"
      },
      {
        "Description": "This is Description 3",
        "BillingCycle": "1 months",
        "Quantity": 30,
        "LicenseTerm": {
          "StartDate": "04/10/2021",
          "EndDate": "05/09/2021"
        },
        "UnitPrice": 90,
        "MeasurableUnits": "1"
      }
    ],
    "CompanyProductsList": [
      {
        "ProductName": "Product 1"
      },
      {
        "ProductName": "Product 2"
      },
      {
        "ProductName": "Product 3"
      },
      {
        "ProductName": "Product 4"
      },
      {
        "ProductName": "Product 5"
      },
      {
        "ProductName": "Product 6"
      },
      {
        "ProductName": "Product 7"
      },
      {
        "ProductName": "Product 8"
      }
    ],
    "PaymentTerms": "These are the Sample Payment Terms which governs the terms and conditions for the payment procedure to be followed",
    "Address": {
      "City": "Some City 2",
      "Street": "Some Street 2",
      "Zip": "xx645xx",
      "State": "Some State 2"
    }
  }
}