{
  "author": "Gary Lee",
  "ProjectDetails": {
    "ProjectName": "Healthcare Policies Management System (HPMS)",
    "ClientName": "John Smith",
    "ClientCompany": "XYZ Health Insurance Ltd",
    "ContractorName": "ABC Contractor Private Limited",
    "Contractor": "Nik Jonas",
    "CompanyProfile": "Medical Insurance Provider",
    "CompanySkills": "Deals in providing wide range of Healcare Policies for all age segments",
    "CompanyAddress": "32/93 Gibert Fery Road Se, Attalla AL 35954",
    "ProjectDescription": "To maintain the medical policies of the clients",
    "Amount": "10000$",
    "PaymentTerms": "the payment terms as descibed in Section 1a",
    "StartDate": "06/20/2021",
    "PaymentSchedule": [
      {
        "Date": "3/1/2021",
        "Payment": 10000
      },
      {
        "Date": "4/1/2021",
        "Payment": 10000
      },
      {
        "Date": "5/1/2021",
        "Payment": 10000
      },
      {
        "Date": "6/1/2021",
        "Payment": 10000
      }
    ],
    "Objectives": [
      {
        "Objective": "This is first objective"
      },
      {
        "Objective": "This is second objective"
      }
    ],
    "Audience": "This is audience",
    "Strategies": [
      {
        "Strategy": "This is first strategy"
      },
      {
        "Strategy": "This is second strategy"
      },
      {
        "Strategy": "This is third strategy"
      }
    ],
    "Tactics": [
      {
        "Tactic": "This is first tactic"
      },
      {
        "Tactic": "This is second tactic"
      },
      {
        "Tactic": "This is third tactic"
      }
    ]
  }
}