{
  "author": "Gary Lee",
  "Project": {
    "Name": "Healthcare Policies Management System (HPMS)",
    "Description": "To maintain the medical policies of the clients"
  },
  "Client": {
    "Name": "John Smith",
    "Company": "XYZ Health Insurance Ltd",
    "Address": {
      "Street": "32/93 Gibert Fery Road Se",
      "City": "Attalla",
      "State": "AL",
      "Zip": 35954
    }
  },
  "Contractor": {
    "Name": "Nik Jonas",
    "Company": {
      "Name": "ABC Contractor Private Limited",
      "Profile": "Medical Insurance Provider",
      "Skills": "Deals in providing wide range of Healcare Policies for all age segments"
    },
    "Objectives": [
      {
        "Objective": "This is first objective"
      },
      {
        "Objective": "This is second objective"
      }
    ],
    "Audience": "This is audience",
    "Strategies": [
      {
        "Strategy": "This is first strategy"
      },
      {
        "Strategy": "This is second strategy"
      },
      {
        "Strategy": "This is third strategy"
      }
    ],
    "Tactics": [
      {
        "Tactic": "This is first tactic"
      },
      {
        "Tactic": "This is second tactic"
      },
      {
        "Tactic": "This is third tactic"
      }
    ]
  },
  "StartDate": "06/20/2021",
  "Payment": {
    "Amount": "$10000",
    "Terms": "the payment terms as descibed in Section 1a",
    "Schedule": [
      {
        "Date": "3/1/2021",
        "Payment": 10000
      },
      {
        "Date": "4/1/2021",
        "Payment": 10000
      },
      {
        "Date": "5/1/2021",
        "Payment": 10000
      },
      {
        "Date": "6/1/2021",
        "Payment": 10000
      }
    ]
  }
}
