{
  "author": "Gary Lee",
  "InsurancePolicy": 23985983,
  "Owner": "Aldwin Quipp",
  "Insured": "Self",
  "Beneficiary1": {
    "Name": "Alisander Gaddesby",
    "Distribution": 50,
    "RelationshipToOwner": "Son",
    "BdayOrDateOfTrust": "January 15, 2001",
    "Address": {
      "Line1": "86576 Downside",
      "Line2": "Sugar Park",
      "City": "Raven Pass",
      "State": "AT",
      "Zip": 907880
    }
  },
  "Beneficiary2": {
    "Name": "Man Cliss",
    "Distribution": 50,
    "RelationshipToOwner": "Son",
    "BdayOrDateOfTrust": "September 9, 1998",
    "Address": {
      "Line1": "45047 Heath Hill",
      "Line2": "Logan Junction",
      "City": "Portage",
      "State": "CA",
      "Zip": 908880
    }
  }
}
