{
  "Service Receipt": {
    "Currency": "$",
    "Card Type": "Debit",
    "Card Num": "1399 xxxx",
    "Exp Date": "12/25",
    "Service": [
      {
        "Hrs": 12,
        "PO Ref": "RT30275",
        "Description": "Standard Consultation",
        "Rate": 120,
        "Extended Total": 1440
      },
      {
        "Hrs": 11,
        "PO Ref": "RT30275",
        "Description": "Administrative Fees",
        "Rate": 135,
        "Extended Total": 135
      }
    ],
    "Service Tax": 8,
    "Company Name": "SomeCorp"
  }
}