{  "author": "Gary Lee",  "Organization": {    "Name": "Some Org",    "DateEstablished": 2008,    "ContactPerson": "John Doe",    "Address": {      "Street": "Some Street",      "City": "Some Colony",      "State": "Somewhere"    },    "Telephone": "123-457-7890",    "Fax": "01x-4e6-7980",    "Email": "somemail@some.edu",    "Website": "www.someorg.edu",    "Goals": "These are organization goals.",    "Mission": "This is mission statement.",    "TargetGroups": "These are the target groups.",    "Projects": [      {        "Year": 2001,        "Title": "Project 1",        "Budget": 1000,        "Source": "Source 1"      },      {        "Year": 2003,        "Title": "Project 2",        "Budget": 5000,        "Source": "Source 2"      },      {        "Year": 2005,        "Title": "Project 4",        "Budget": 9000,        "Source": "Source 3"      }    ]  }}