{
  "author": "Gary Lee",
  "Employee": {
    "FirstName": "Sarah",
    "LastName": "Rose",
    "Title": "Marketing Specialist"
  },
  "CertificationProgram": [
    {
      "Name": "Sales Training-Introduction",
      "Status": "Completed",
      "Course": [
        {
          "Name": "Introduction to Sales",
          "Completed": "Yes",
          "Score": "95%",
          "CompletionDate": "1/3/2021"
        }
      ]
    },
    {
      "Name": "HR Policy Review",
      "Status": "In Progress",
      "Course": [
        {
          "Name": "Discrimination in the workplace",
          "Completed": "",
          "Score": "",
          "CompletionDate": ""
        },
        {
          "Name": "Overview of company policies",
          "Completed": "Yes",
          "Score": "100%",
          "CompletionDate": "1/1/2021"
        }
      ]
    }
  ]
}
