{  "author": "Gary Lee",  "Vendor": {    "Name": "Avita Shipping Company",    "POC": "Kane Miller",    "PhoneNumber": "+04-432-124-6678",    "Email": "avitashipco@amail.com",    "Address": {      "Line1": "4 Florence Alley",      "Line2": "Coolidge Junction",      "City": "Comanche",      "State": "Namekagon",      "ZIP": 98001    }  },  "Recipient": {    "Name": "Jersy Cargo Logistics",    "POC": "James Scott",    "PhoneNumber": "+011-63-4345-3286",    "Email": "jersycargolgi@bmail.com",    "Address": {      "Line1": "712 West Corner",      "Line2": "Whitestone Bridge",      "City": "Perth",      "State": "Western Australia",      "ZIP": 6000    }  },  "Shipping": {    "ReqShipDate": "23/05/2021",    "ReqDeliveryDate": "25/05/2021",    "ShipID": "F12QB47",    "ShipMethod": "UPS Two-Day",    "details": [      {        "Quantity": 35,        "Description": "Description of item1",        "CartonNumber": 7094,        "TotalWeight": "210kg",        "PackedBy": "packer1",        "CheckedBy": "checker1"      },      {        "Quantity": 16,        "Description": "Description of item2",        "CartonNumber": 7095,        "TotalWeight": "95kg",        "PackedBy": "packer2",        "CheckedBy": "checker2"      },      {        "Quantity": 40,        "Description": "Description of item3",        "CartonNumber": 7096,        "TotalWeight": "265kg",        "PackedBy": "packer3",        "CheckedBy": "checker3"      }    ]  }}