{  "author": "Gary Lee",  "Child": {    "FirstName": "Billy",    "LastName": "Flower",    "DOB": "25th Nov, 2016",    "PlaceofBirth": "Ohana",    "PassportNo": "I900900"  },  "Guardian1": {    "FullName": "H.M. Bill",    "PhoneNumber": "+1-1010101010",    "Email": "hmbill@amail.com"  },  "Guardian2": {    "FullName": "Glen Bill",    "PhoneNumber": "+1-1010101011",    "Email": "gbill@amail.com"  },  "Travel": {    "Destination": "Clownland",    "Startingpoint": "Tiami"  },  "MedicalNeeds": [    {      "need": "This is need number 1"    },    {      "need": "This is need number 2"    },    {      "need": "This is need number 3"    }  ]}