{  "author": "Gary Lee",  "EnglishCourses": [    {      "Name": "Course 1",      "GradeLevel": 1,      "Prerequisite": "Prerequisite 1",      "Credit": "AA+"    },    {      "Name": "Course 2",      "GradeLevel": 2,      "Prerequisite": "Prerequisite 2",      "Credit": "CC+"    }  ],  "SocialScienceCourses": [    {      "Name": "Course 1",      "GradeLevel": 1,      "Prerequisite": "Prerequisite 1",      "Credit": "BB+"    },    {      "Name": "Course 2",      "GradeLevel": 2,      "Prerequisite": "Prerequisite 2",      "Credit": "AC+"    }  ],  "MathCourses": [    {      "Name": "Course 1",      "GradeLevel": 2,      "Prerequisite": "Prerequisite 1",      "Credit": "AA-"    },    {      "Name": "Course 2",      "GradeLevel": 3,      "Prerequisite": "Prerequisite 2",      "Credit": "CC-"    }  ],  "ScienceCourses": [    {      "Name": "Course 1",      "GradeLevel": 1,      "Prerequisite": "Prerequisite 1",      "Credit": "BB+"    },    {      "Name": "Course 2",      "GradeLevel": 3,      "Prerequisite": "Prerequisite 2",      "Credit": "BC+"    }  ],  "LanguagesCourses": [    {      "Name": "Course 1",      "GradeLevel": 3,      "Prerequisite": "Prerequisite 1",      "Credit": "AB+"    },    {      "Name": "Course 2",      "GradeLevel": 4,      "Prerequisite": "Prerequisite 2",      "Credit": "AC+"    }  ],  "TechEdCourses": [    {      "Name": "Course 1",      "GradeLevel": 4,      "Prerequisite": "Prerequisite 1",      "Credit": "BC+"    },    {      "Name": "Course 2",      "GradeLevel": 5,      "Prerequisite": "Prerequisite 2",      "Credit": "BB+"    }  ],  "ArtsCourses": [    {      "Name": "Course 1",      "GradeLevel": 1,      "Prerequisite": "Prerequisite 1",      "Credit": "BC+"    },    {      "Name": "Course 2",      "GradeLevel": 2,      "Prerequisite": "Prerequisite 2",      "Credit": "BB+"    }  ],  "PhysEdCourses": [    {      "Name": "Course 1",      "GradeLevel": 1,      "Prerequisite": "Prerequisite 1",      "Credit": "BC+"    },    {      "Name": "Course 2",      "GradeLevel": 2,      "Prerequisite": "Prerequisite 2",      "Credit": "BB+"    }  ],  "Principal": {    "Name": "Mrs. Julia James",    "Email": "jj.schoolPrincipal@school.co.edu"  },  "AssistantPrincipal": {    "Name": "Mr. O.Fernandes",    "Email": "of.assistantprincipal@school.co.edu"  },  "AthleticDirector": {    "Name": "Mr. F.Lee",    "Email": "fl.admin@school.co.edu"  },  "GuidanceSpecialist1": {    "Name": "Mrs. Ivy Brown",    "Email": "ib.gs1@school.co.edu"  },  "GuidanceSpecialist2": {    "Name": "Mrs. O.Smith",    "Email": "osm.gs2@school.co.edu"  },  "CareerSpecialist": {    "Name": "Mr. A.David",    "Email": "adccs@school.co.edu"  },  "Registrar": {    "Name": "Mr. Ady Tom",    "Email": "at.registar@school.co.edu"  }}