{  "author": "Gary Lee",  "Company": {    "Name": "ABC Consultants"  },  "Procedure": {    "Title": "Operating procedure for Building Upkeep",    "Number": 986,    "ImplementationDate": "25/07/2019",    "Author": "Jamie McSon",    "Approvedby": "Gilly Fon",    "PurposeSummary": "This document defines all the details about the procedure as agreed upon by both the parties.",    "Procedures": [      {        "step": "1",        "stepList": "This is first step."      },      {        "step": "2",        "stepList": "This is second step."      }    ]  },  "Revision": [    {      "update": "Revision update 1",      "date": "29/01/2019",      "requester": "A. Lee"    },    {      "update": "Revision update 2",      "date": "15/02/2019",      "requester": "Brian Patty"    }  ]}