{
 "author": "Gary Lee",
 "WorkDays": "Monday to Wednesday",
 "StartTime": "10:00AM",
 "EndTime": "05:00PM",
 "WorkDaysR": "Thursday to Saturday",
 "weekday": "Wednesday",
 "time": "01:00PM",
 "CompanyName": "Moland Enterprises",
 "Equipments": [
  {"Equipment":  "Windows Laptop"},
  {"Equipment":  "Android Phone"},
  {"Equipment":  "Wireless mouse"},
  {"Equipment":  "Wireless headphones"},
  {"Equipment":  "Portable printer"}
 ],
 "Amount": 100,
 "StipendAmount": 200,
 "EmployeeSupervisor": "Mr. Eric Lee"
}