{
  "Offer Letter": {
    "Date": "1/2/2021",
    "Address": "Somewhere",
    "Customer Name": "Michael Smith",
    "Position": "Technical Analyst 1",
    "Manager Name": "Kane Miller",
    "Manager Position": "Technical Manager",
    "Salary": "$5,500.00",
    "Gross Salary": "$66,000.00",
    "Position Type": "Full-Time",
    "Company Name": "SomeCorp",
    "Benefit Terms": "These are benefit terms",
    "Employee Requirements": "These are employee requirements",
    "Deadline Date": "1/3/2021",
    "Contact": "90xxxxxx"
  }
}