{
  "author": "Gary Lee",
  "State": "Lokyo",
  "Seller": {
    "Name": "ABC Traders",
    "Address": {
      "Street": "123 Street",
      "City": "Braga",
      "State": "Bohio",
      "Zip": 12312
    },
    "Stock": {
      "Amount": 10000,
      "Value": "$90000"
    }
  },
  "Buyer": {
    "Name": "XYZ Traders",
    "Address": {
      "Street": "89 Street",
      "City": "Tao Polo",
      "State": "RuleCity",
      "Zip": 90909
    },
    "Stock": {
      "Amount": 10000,
      "Value": "$90000"
    }
  },
  "ClosingDate": "Dec 15, 2021",
  "ClosingTime": "05:00 PM"
}
