{
  "author": "Gary Lee",
  "Company": "ABC Corp",
  "contract": "salaried",
  "salaryDetails": {
    "monthly": "Employee will be paid on montly basis. The payout will be done on the last working day of the month. For any enquiries or discrepancies, employee can directly write to HR Dept.",
    "hourly": "Employee will be paid on hourly basis. The payout will be done on the last working day of the week. For any enquiries or discrepancies, employee can directly write to HR Dept.",
    "overtimeNote": "Employee will receive overtime based on the mentioned criteria. $50 for less than 2 hours overtime, $100 for 2-4 hours overtime, $125 otherwise.",
    "overtimeNoteHourly": "Not applicable, since Employees will be paid on hourly basis",
    "payIncreaseNote": "Employee will be considered for pay increase once every year.",
    "payIncreaseNoteHourly": "Employee will be considered for pay increase based on half yearly deliverables",
    "deviceNote": "Employee can issue the required devices and return them when they are not needed anymore.",
    "deviceNoteHourly": "Employee can issue the required devices and return them when they are not needed anymore.",
    "PTONote": "Employee is entitled to take 24 days paid offs in a calendar year. The PTOs would not be carried forward to next year.",
    "PTONoteHourly": "Not Applicable"
  }
}
