{
 "author": "Gary Lee",
 "Company": "ABC Corp",
 "contract": "salaried",
 "salaryDetailsSalaried": "Employee will be paid on montly basis. The payout will be done on the last working day of the month. For any enquiries or discrepancies, employee can directly write to HR Dept.",
 "overtimeNoteSalaried": "Employee will receive overtime based on the mentioned criteria. $50 for less than 2 hours overtime, $100 for 2-4 hours overtime, $125 otherwise.",
 "payIncreaseNoteSalaried": "Employee will be considered for pay increase once every year.",
 "deviceNoteSalaried": "Employee can issue the required devices and return them when they are not needed anymore.",
 "PTONoteSalaried": "Employee is entitled to take 24 days paid offs in a calendar year. The PTOs would not be carried forward to next year."
}