{  "author": "Gary Lee",  "Sender": {    "Company": {      "Name": "Projected corp"    },    "Phone": "+04-432-124-6678",    "Address": {      "Line1": "4 Florence Alley",      "Line2": "Coolidge Junction",      "City": "Comanche",      "State": "Namekagon",      "Zip": 98001    }  },  "Recipient": {    "Name": "Das Fransisco",    "Company": {      "Name": "Eagle Ventures"    },    "Phone": "+011-63-4345-3286",    "CustomerID": "31LPAC20149E1T",    "Address": {      "Line1": "712 West Corner",      "Line2": "Whitestone Bridge",      "City": "Perth",      "State": "Western Australia",      "Zip": 6000    }  },  "CreditMemo": {    "JobType": "Job Type",    "Date": "20/04/2020",    "CreditNo": "AFC4S1222203171",    "Currency": "$",    "TaxPercentage": 2.1,    "BillDetails": [      {        "Quantity": 2,        "Item": "item1",        "Description": "description of item1",        "UnitPrice": 112,        "Total": 224      },      {        "Quantity": 1,        "Item": "item2",        "Description": "description of item2",        "UnitPrice": 170,        "Total": 170      },      {        "Quantity": 6,        "Item": "item3",        "Description": "description of item3",        "UnitPrice": 108,        "Total": 648      }    ]  }}