﻿Workforce productivity  
Create PDF  ,Convert documents and images to PDF files  ,•  ,•  
Edit PDF  ,"Update text and images, reflow paragraphs, and add numbered or bulleted lists in a PDF  ",•  ,•  
Microsoft 365 integrations  ,"Create, manipulate, and view PDF files from Microsoft 365, SharePoint, and OneDrive  ",•  ,•  
Microsoft 365 integration  ,"Create, protect, and send PDFs from Microsoft 365 with the Acrobat ribbon  ",•  ,•  
Export PDF  ,"Convert PDFs to Word, Excel, or PowerPoint—with formatting intact  ",•  ,•  
Combine files  ,Combine multiple documents into one PDF  ,•  ,•  
Enhance scans  ,"Turn scans of paper documents and multiple file types into smart, searchable PDFs with selectable text  ",•  ,•  
Compare files  ,Detect differences between two PDF files  ,1  ,1  
Organize pages  ,"Delete, insert, extract, split, or rotate pages in a PDF  ",•  ,•  
Expanded Home view  ,"storage Access documents and get notified when someone takes action on documents shared for viewing, reviewing, or signing  ",•  ,•  
Protect  ,Add copy and edit protection to PDFs available  ,•  www.adobe.com/aboutadobe/  ,•  
are  Prepare forms  ,Turn paper or Word documents into fillable PDF forms  ,or •  ,•  
Share for commenting  ,"Simplify PDF reviews by sending one link to multiple reviewers, and keep track of all feedback in one place  ",•  ,•  
Integrations  ,"Access and store files in your Box, Dropbox, OneDrive, Google Drive, and Microsoft 365 and SharePoint accounts  ",•  ,•  
Share and track  ,"Send, track, and confirm delivery of a wide variety of file types  ",•  ,•  
Edit scans  ,Turn scanned documents into instantly editable PDFs with fonts that match the original text  ,1  ,1  
Redact November 2020 | Adobe  ,"Acrobat DC for business. Permanently delete text, graphics, or hidden data in PDFs  ",1  ,1 2  
PDF standards  ,"Convert and validate PDF/A, PDF/E, or PDF/X files to comply with ISO standards  ",1  ,1  
Accessibility  ,Create and validate PDFs to meet accessibility standards for people with disabilities  ,1  ,1  
Print production  ,"Preview, preflight, correct, and prepare PDF files for high-end print production  ",1  ,1  
Acrobat Reader mobile app  ,"Convert Microsoft 365 files to PDF, collect feedback on shared PDFs, and combine multiple PDFs into one file  ",•  ,•  
Adobe Scan mobile app  ,"Capture and convert documents, receipts, and whiteboards to high-quality PDFs you can search, annotate, fill, sign, edit, and more  ",•  ,•  
PDF services  ,"Create, export, combine, and organize PDFs; fill and sign forms; and send PDFs for review or signature from a web browser  ",•  ,•  
Edit and organize PDFs  ,"Edit text or images—or rearrange pages—in a PDF from your computer, tablet, or mobile phone  ",•  ,•  
Digital and e-signatures  
Fill and sign forms  ,"Powered by Adobe Sign, fill forms and type or draw your signature to sign a document  ",•  ,•  
Collect legal signatures  ,"With Adobe Sign in Acrobat DC, request signatures from others, and then track signature status individually  ",•  ,•  
Keep records  ,"Store signed documents and audit trails securely, and send copies to all parties automatically  ",•  ,•  
Certificates  ,Use Acrobat to digitally sign and validate documents that require certificate-based digital IDs  ,•  ,•  
Adobe Sign  ,Use Adobe Sign to request signatures and manage processes from a web browser  ,•  ,•  
Adobe Sign mobile app  ,Get in-person signatures and manage signing processes from an Android or iOS device  ,•  ,•  
Administration and support  
Serialized licensing  ,Deploy Acrobat DC using a volume license serial key  ,,
Identity type (Adobe ID)  ,Deploy Acrobat DC with named users based on Adobe ID  ,•  ,•  
Identity type (all types)  ,"Deploy Acrobat DC with named users based on Federated ID, Enterprise ID, or Adobe ID  ",,•  
Admin Console  ,"Use a centralized, web-based dashboard to manage Acrobat DC and Adobe Creative Cloud 2 users, as well as access deployment and support resources  ",•  ,•  
Admin Console  ,"Leverage enterprise capabilities in the web-based dashboard to do more, like manage groups and entitlements  ",,•  
Types of administrators  ,"Set up System (S), Product, Deployment, and Support administrators  ",S  ,•  
Virtualization  ,"Deploy Acrobat in virtualized environments with named user support for Citrix XenApp and XenDesktop, VMware Horizon, Microsoft App-V, and Microsoft Windows Terminal Server (WTS)  ",•  ,•  
Deployment  ,"Streamline Acrobat installation and configuration using standard tools, such as Microsoft SCCM/SCUP, Apple Remote Desktop, Adobe Customization Wizard, and Adobe Creative Cloud Packager  ",•  ,•  
EMM  ,Securely manage employee mobile apps and devices using enterprise mobility management (EMM)  ,•  ,•  
Licensing term  ,Get single (S) or multiyear (M) options  ,"M, S  ","M, S  "
Teams support  ,"Access 24x7 phone and chat support for getting started, and 24x5 phone and chat technical support  ",•  ,
Enterprise support  ,"Get 24x7, 365-day support with experts in deployment, licensing, and other IT topics, as well as open and track support cases  ",,•  
Industry-leading security  ,,
Smart JavaScript execution  ,Sophisticated and granular controls for whitelisting and blacklisting JavaScript execution for Windows and macOS  ,•  ,•  
Secure authentication  ,Further secure your intellectual property with an Enterprise ID or Federated ID single sign-on (SSO) to maintain company ownership of assets  ,,•  
Cross-domain configuration  ,Restricted cross-domain access for both Windows and macOS X to control access to resources in another domain  ,•  ,•  
Device security  ,All security measures and protections move across devices  ,•  ,•  
Certified security standards  ,SOC 2 Type 2 and ISO 27001:2013 certification to meet requirements of various industry information security and privacy standards  ,•  ,•  
