{
  "author": "Gary Lee",
  "Client": {
    "Name": "Flory"
  },
  "Company": {
    "Name": "ABC INC.",
    "HistoryBlurb": "20 Years old pioneer of Dairy Products",
    "ContactPerson": {
      "Name": "Leland Bly",
      "Title": "Founder",
      "Email": "LelandBly@gmail.com",
      "PhoneNumber": "9010090900"
    }
  },
  "Investment": {
    "DesiredAmount": "5,000,000",
    "Offer1": "10% Stake in the company",
    "Offer2": "Seat in Board of Directors",
    "Offer3": "Profit sharing option (we can discuss this further)"
  }
}
