﻿Classification  ,Examples  ,Impact of Unauthorized Disclosure  
Restricted data has a High Business Impact  ,"Regulatory protected data, material financial data, intellectual property, passwords and credential.  ","Likely to cause severe harm to  Adobe, its employees, customers, stockholders, or business  partners.  "
Confidential data has a Medium  ,"People related data (salary,  ",Likely to cause significant harm to  
Business Impact  ,"benefits), data with need-to- know restrictions like source  code, Customer Files, product roadmaps, Adobe financial information.  ","Adobe, its employees, customers, stockholders, or business partners  "
Internal data has a Moderate  ,"Operational planning,  ",May cause minor embarrassment  
Business Impact Note: The default type for unclassified data is Internal  ,"collaboration and internal communications, IT Knowledge Center articles.  ",or operational inconvenience  
Public data  ,Information that is openly available  ,No impact  
