{
  "author": "Gary Lee",
  "EffectiveDate": "24/01/2019",
  "Definitions": [
    {
      "Definition": "This is the first item of definition list"
    },
    {
      "Definition": "This is the second item of definition list"
    }
  ],
  "IntellectualProperty": {
    "BlurbfromLegal": "This document comprehensively covers what's included and what's not included in this IP."
  },
  "UserObligations": [
    {
      "UserObligation": "User Obligation 1"
    },
    {
      "UserObligation": "User Obligation 2"
    }
  ],
  "Shipping": {
    "policy": "This clause defines the shipping policy"
  },
  "Delivery": {
    "policy": "This clause defines the delivery policy"
  },
  "Return": {
    "policy": "This clause defines the return policy"
  },
  "Warranty": {
    "policies": [
      {
        "policy": "This is warranty policy number 1"
      },
      {
        "policy": "This is warranty policy number 2"
      },
      {
        "policy": "This is warranty policy number 3"
      }
    ]
  },
  "GeneralProvisions": [
    {
      "GeneralProvision": "This is list item 1 of General Provisions"
    },
    {
      "GeneralProvision": "This is list item 2 of General Provisions"
    }
  ]
}
