{
  "author": "Gary Lee",
  "TeamLeadName": "Oby Fracis",
  "TeamLeadTitle": "Marketing Lead",
  "TeamLeadContact": "+1-9000000009",
  "TeamMember1Name": "Cyoto Flora",
  "TeamMember1Title": "Marketing Specialist",
  "TeamMember1Contact": "+1-9000000008",
  "TeamMember2Name": "Jai Leela",
  "TeamMember2Title": "Marketing Specialist",
  "TeamMember2Contact": "+1-9000000007",
  "TeamMember3Name": "Morgan Kelly",
  "TeamMember3Title": "Marketing Specialist",
  "TeamMember3Contact": "+1-9000000006",
  "TeamMember4Name": "Cleo Thomson",
  "TeamMember4Title": "Marketing Specialist",
  "TeamMember4Contact": "+1-9000000005",
  "Objectives": [
    {"Objective":  "This is the first objective"},
    {"Objective":  "This is the second objective"},
    {"Objective":  "This is the third objective"}
  ],
  "Project": [
    {"ProjectName":  "ABC Infra", "Milestone":  "First Milestone", "DateComplete":  "24/06/2021", "Notes":  "Basic structure is ready"},
    {"ProjectName":  "ABC Infra", "Milestone":  "Second Milestone", "DateComplete":  "24/06/2022", "Notes":  "Turn Key delivery"},
    {"ProjectName":  "DEF Computer Labs", "Milestone":  "First Milestone", "DateComplete":  "12/12/2021", "Notes":  "Designs delivery"},
    {"ProjectName":  "DEF Computer Labs", "Milestone":  "Second Milestone", "DateComplete":  "12/12/2021", "Notes":  "Turn Key delivery"}
  ],
  "Conversion": [
    {"Month":  "July, 2021", "Conversion":  10, "Method":  "Payout by Cheque"},
    {"Month":  "September, 2021", "Conversion":  30, "Method":  "Payout by Cheque"},
    {"Month":  "Dec, 2021", "Conversion":  20, "Method":  "Payout by Cheque"},
    {"Month":  "April, 2022", "Conversion":  20, "Method":  "Payout by Cheque"},
    {"Month":  "Dec, 2022", "Conversion":  20, "Method":  "Payout by Cheque"}
  ],
  "WebsiteDomain": [
    {"WebsiteDomainReporting":  "WebsiteDomainReporting1"},
    {"WebsiteDomainReporting":  "WebsiteDomainReporting2"},
    {"WebsiteDomainReporting":  "WebsiteDomainReporting3"}
  ],
  "Category": [
    {
      "CategoryName":  "Website Domain","values": [
                                                      {"value":  "Website Domain Reporting1"},
                                                      {"value":  "Website Domain Reporting2"},
                                                      {"value":  "Website Domain Reporting3"}]
    },
    {
      "CategoryName":  "Social Media 1","values": [
                                                      {"value":  "SM1 Reporting1"},
                                                      {"value":  "SM1 Reporting1"},
                                                      {"value":  "SM1 Reporting1"}]
    },
    {
      "CategoryName":  "Social Media 2","values": [
                                                    {"value":  "SM2 Reporting1"},
                                                    {"value":  "SM2 Reporting1"},
                                                    {"value":  "SM2 Reporting1"}]
    },
    {
      "CategoryName":  "Social Media 3","values": [
                                                    {"value":  "SM3 Reporting1"},
                                                    {"value":  "SM3 Reporting1"},
                                                    {"value":  "SM3 Reporting1"}]
    }
  ]
}