{
  "author": "Gary Lee",
  "Lead": {
    "Name": "Oby Fracis",
    "Title": "Marketing Lead",
    "Contact": "+1-9000000009"
  },
  "Member1": {
    "Name": "Cyoto Flora",
    "Title": "Marketing Specialist",
    "Contact": "+1-9000000008"
  },
  "Member2": {
    "Name": "Jai Leela",
    "Title": "Marketing Specialist",
    "Contact": "+1-9000000007"
  },
  "Member3": {
    "Name": "Morgan Kelly",
    "Title": "Marketing Specialist",
    "Contact": "+1-9000000006"
  },
  "Member4": {
    "Name": "Cleo Thomson",
    "Title": "Marketing Specialist",
    "Contact": "+1-9000000005"
  },
  "Objectives": [
    {
      "Objective": "This is the first objective"
    },
    {
      "Objective": "This is the second objective"
    },
    {
      "Objective": "This is the third objective"
    }
  ],
  "Project": [
    {
      "Name": "ABC Infra",
      "Milestone": "First Milestone",
      "DateComplete": "24/06/2021",
      "Notes": "Basic structure is ready"
    },
    {
      "Name": "ABC Infra",
      "Milestone": "Second Milestone",
      "DateComplete": "24/06/2022",
      "Notes": "Turn Key delivery"
    },
    {
      "Name": "DEF Computer Labs",
      "Milestone": "First Milestone",
      "DateComplete": "12/12/2021",
      "Notes": "Designs delivery"
    },
    {
      "Name": "DEF Computer Labs",
      "Milestone": "Second Milestone",
      "DateComplete": "12/12/2021",
      "Notes": "Turn Key delivery"
    }
  ],
  "Conversion": [
    {
      "Month": "July, 2021",
      "Rate": 10,
      "Method": "Payout by Cheque"
    },
    {
      "Month": "September, 2021",
      "Rate": 30,
      "Method": "Payout by Cheque"
    },
    {
      "Month": "Dec, 2021",
      "Rate": 20,
      "Method": "Payout by Cheque"
    },
    {
      "Month": "April, 2022",
      "Rate": 20,
      "Method": "Payout by Cheque"
    },
    {
      "Month": "Dec, 2022",
      "Rate": 20,
      "Method": "Payout by Cheque"
    }
  ],
  "Category": [
    {
      "Name": "Website Domain",
      "values": [
        {
          "value": "Website Domain Reporting1"
        },
        {
          "value": "Website Domain Reporting2"
        },
        {
          "value": "Website Domain Reporting3"
        }
      ]
    },
    {
      "Name": "Social Media 1",
      "values": [
        {
          "value": "SM1 Reporting1"
        },
        {
          "value": "SM1 Reporting1"
        },
        {
          "value": "SM1 Reporting1"
        }
      ]
    },
    {
      "Name": "Social Media 2",
      "values": [
        {
          "value": "SM2 Reporting1"
        },
        {
          "value": "SM2 Reporting1"
        },
        {
          "value": "SM2 Reporting1"
        }
      ]
    },
    {
      "Name": "Social Media 3",
      "values": [
        {
          "value": "SM3 Reporting1"
        },
        {
          "value": "SM3 Reporting1"
        },
        {
          "value": "SM3 Reporting1"
        }
      ]
    }
  ]
}
