{
  "author": "Gary Lee",
  "Company": {
    "Name": "Company Name 1",
    "Address": "Company Address 1",
    "City": "Some City 1",
    "State": "Some State 1",
    "Zip": "1200xx",
    "Phone": "98xxxxxxxx",
    "Fax": "1234-xxx",
    "Website": "abc@some.com"
  },
  "Vendor": {
    "CompanyName": "Company Name 2",
    "Contact": "Name of Contact Person",
    "Address": "Company Address 2",
    "City": "Some City 2",
    "State": "Some State 2",
    "Zip": "1100xx",
    "Phone": "91xxxxxxxx",
    "Fax": "1276-xxx"
  },
  "Recipient":{
  	"Name":"MNO",
  	"Company":"Company Name 3",
  	"Address":"Company Address 3",
    "City": "Some City 3",
    "State": "Some State 3",
    "Zip": "1400xx",
    "Phone": "97xxxxxxxx"
  },
  "RequisitesDetails": [
    {
      "Requisitioner": "ABC",
      "ShippingMethod": "Air",
      "FOB": "Yes",
      "ShippingTerms": "The Sample shipping terms 1"
    },
    {
      "Requisitioner": "ABC",
      "ShippingMethod": "Truck",
      "FOB": "No",
      "ShippingTerms": "The Sample shipping terms 2"
    },
    {
      "Requisitioner": "ABC",
      "ShippingMethod": "Truck",
      "FOB": "No",
      "ShippingTerms": "The Sample shipping terms 3"
    },
    {
      "Requisitioner": "ABC",
      "ShippingMethod": "Air",
      "FOB": "Yes",
      "ShippingTerms": "The Sample shipping terms 4"
    }
  ],
  "Items": [
    {
      "ItemId": 1,
      "Description": "Sample Description 1",
      "Quantity": 2,
      "UnitPrice": 100
    },
    {
      "ItemId": 2,
      "Description": "Sample Description 2",
      "Quantity": 4,
      "UnitPrice": 150
    },
    {
      "ItemId": 3,
      "Description": "Sample Description 3",
      "Quantity": 2,
      "UnitPrice": 300
    },
    {
      "ItemId": 4,
      "Description": "Sample Description 4",
      "Quantity": 6,
      "UnitPrice": 120
    }
  ],
  "OrderNumber":"12424sda",
  "OrderDate":"12/06/2021",
  "Tax":345.23,
  "Shipping":820.00,
  "Other":0.0
}