{
  "author": "Gary Lee",
  "ServicePackage": [
    {
      "item": "This is service package 1"
    },
    {
      "item": "This is service package 2"
    },
    {
      "item": "This is service package 3"
    }
  ],
  "ServiceTimeline": [
    {
      "item": "This is service package timeline 1"
    },
    {
      "item": "This is service package timeline 2"
    },
    {
      "item": "This is service package timeline 3"
    }
  ],
  "ClientToolsResoucesList": [
    {
      "item": "Client Tools Resouces List Item 1"
    },
    {
      "item": "Client Tools Resouces List Item 2"
    },
    {
      "item": "Client Tools Resouces List Item 3"
    }
  ],
  "Testimonial": [
    {
      "item": "This is testimonial 1"
    },
    {
      "item": "This is testimonial 2"
    },
    {
      "item": "This is testimonial 3"
    },
    {
      "item": "This is testimonial 4"
    }
  ],
  "FAQList": [
    {
      "item": "This is FAQ 1"
    },
    {
      "item": "This is FAQ 2"
    },
    {
      "item": "This is FAQ 3"
    },
    {
      "item": "This is FAQ 4"
    },
    {
      "item": "This is FAQ 5"
    }
  ],
  "Company": {
    "Name": "Lee Consultants",
    "Contact": "B. Tory",
    "Address": {
      "Street": "123 ABC Road",
      "City": "Koly County"
    },
    "Phone": "+1-90000001111",
    "Email": "tory@lee.co.su"
  }
}
