{
  "author": "Gary Lee",
  "ServicePackage": [
    {"item":  "This is service package 1"},
    {"item":  "This is service package 2"},
    {"item":  "This is service package 3"}
  ],
  "ServiceTimeline": [
    {"item":  "This is service package timeline 1"},
    {"item":  "This is service package timeline 2"},
    {"item":  "This is service package timeline 3"}
  ],
  "ClientToolsResoucesList": [
    {"item":  "Client Tools Resouces List Item 1"},
    {"item":  "Client Tools Resouces List Item 2"},
    {"item":  "Client Tools Resouces List Item 3"}
  ],
  "Testimonial": [
    {"item":  "This is testimonial 1"},
    {"item":  "This is testimonial 2"},
    {"item":  "This is testimonial 3"},
    {"item":  "This is testimonial 4"}
  ],
  "FAQList": [
    {"item":  "This is FAQ 1"},
    {"item":  "This is FAQ 2"},
    {"item":  "This is FAQ 3"},
    {"item":  "This is FAQ 4"},
    {"item":  "This is FAQ 5"}
  ],
  "CompanyName": "Lee Consultants",
  "CompanyContact": "B. Tory",
  "CompanyAddress1": "123 ABC Road",
  "CompanyAddress2": "Koly County",
  "CompanyPhone": "+1-90000001111",
  "CompanyEmail": "tory@lee.co.su"
}