{
  "author": "Gary Lee",
  "Name": "John Smith",
  "Email": "jsmith@gmail.com",
  "IdNumber": 12340,
  "Year": 2021,
  "AddDropAuditSelection": "Add",
  "Course": [
    {
      "class": "First",
      "subject": "Physics",
      "section": "A",
      "description": "Dynamics and Liquidity would be key focus areas"
    },
    {
      "class": "First",
      "subject": "Mathematics",
      "section": "B",
      "description": "Differentials, Proability and Trignometry would be covered in detail"
    },
    {
      "class": "Third",
      "subject": "Geography",
      "section": "D",
      "description": "Asian geography and topographies would be covered during the session"
    },
    {
      "class": "Fourth",
      "subject": "Economics",
      "section": "B",
      "description": "2008 Recession would be covered and the general strategy of how oil markets recovered post recession."
    }
  ]
}
