{
  "author": "Gary Lee",
  "state": "Scarborough",
  "Date": {
    "Day": 20,
    "Month": "September",
    "Year": 2020
  },
  "company1": {
    "Name": "Jersy Cargo Logistics",
    "Address": {
      "Line1": "4 Florence Alley",
      "Line2": "Coolidge Junction",
      "City": "Comanche",
      "State": "Namekagon",
      "Zip": 98001
    },
    "contribution": [
      {
        "item": 10250
      },
      {
        "item": 24000
      },
      {
        "item": 70505
      }
    ]
  },
  "company2": {
    "Name": "Avita Shipping Company",
    "Address": {
      "Line1": "712 West Corner",
      "Line2": "Whitestone Bridge",
      "City": "Perth",
      "State": "Western Australia",
      "Zip": 6000
    },
    "contribution": [
      {
        "item": 43000
      },
      {
        "item": 16055
      },
      {
        "item": 21001
      }
    ]
  },
  "partnership": {
    "Name": "Tim Cook",
    "Address": {
      "Line1": "9H Deep way",
      "Line2": "Upper Straight Road",
      "City": "Fiji",
      "State": "Denver",
      "Zip": 98001
    },
    "Date": {
      "Day": 24,
      "Month": "February",
      "Year": 2020
    }
  },
  "fiscalYear": {
    "Date": 16,
    "Month": "June"
  },
  "businessPartner": [
    {
      "goals": "To Avoid a State’s Default Rules"
    },
    {
      "goals": "To Agree on Important Issues in Advance"
    },
    {
      "goals": "To Protect the Business and the Partners’ Investment"
    },
    {
      "goals": "To Remove a Disruptive or Non-Performing Partner"
    }
  ]
}
