{
  "author": "Gary Lee",
  "Project": {
    "Title": "Title of Project",
    "Manager": "Name of Project Manager",
    "ReportingPeriod": "Annual",
    "DateOfReport": "03/20/2021",
    "ShortSummary": "This is the short desciption of what project is all about.",
    "Milestones": [
      {
        "Milestone": "First milestone",
        "CompletionDate": "01/02/2021",
        "Lead": "A",
        "Notes": "MVP is targeted for this milestone"
      },
      {
        "Milestone": "Second milestone",
        "CompletionDate": "02/02/2021",
        "Lead": "V",
        "Notes": "Rework will be done on issues encountered"
      },
      {
        "Milestone": "Third milestone",
        "CompletionDate": "03/02/2021",
        "Lead": "D",
        "Notes": "Rollout will happen in 5 cities"
      },
      {
        "Milestone": "Fourth milestone",
        "CompletionDate": "05/02/2021",
        "Lead": "P",
        "Notes": "Pan India rollout with advanced features integration"
      }
    ],
    "Budgets": [
      {
        "Category": "Category A",
        "SpentPercentage": "10",
        "PercentageOfTotal": "20",
        "Notes": "Budget Allocated and Spent analysis for Category A"
      },
      {
        "Category": "Category B",
        "SpentPercentage": "8",
        "PercentageOfTotal": "30",
        "Notes": "Budget Allocated and Spent analysis for Category B"
      },
      {
        "Category": "Category C",
        "SpentPercentage": "15",
        "PercentageOfTotal": "60",
        "Notes": "Budget Allocated and Spent analysis for Category C"
      }
    ]
  }
}