{
  "author": "Gary Lee",
  "Address": {
    "Line1": "23, Florence alley",
    "Line2": "Clockwood Street",
    "City": "Birchwood",
    "State": "Fulton",
    "Zip": 800081
  },
  "PhoneNumber": "+1-8000001010",
  "Website": "www.birchwoordOfficial.co.ft",
  "Program": {
    "Name": "Senior Citizen Welfare Event",
    "History": "The program started in 1984 by Sir Lawrence Philly. Until this program, Senior Citizens complained about finding the right resources that explained their rights and privileges. But after this program, the happiness quotient of Senior Citizens in our Stage has reached 4X. We would like to inform you that Fulton is always thinking about making this place better for all our residents.",
    "MailingList": "informedSeniorCitizens@BirchwoodState.co.ft",
    "Objectives": [
      {
        "Objective": "Create awareness for senior citizens"
      },
      {
        "Objective": "Share the list of new benefits we are introducing"
      },
      {
        "Objective": "Share an update on new taxation rules "
      },
      {
        "Objective": "Play games and have fun..."
      }
    ]
  },
  "Date": {
    "Day": "02",
    "Month": "December",
    "Year": 2020
  }
}
