{  "author": "Gary Lee",  "Client": {    "FirstName": "Leland",    "LastName": "Bly",    "Company": "Fulton Org",    "State": "Pristineland"  },  "Sender": {    "FirstName": "Charlotta",    "LastName": "Court",    "Company": "Mateja Corp",    "State": "Terryland"  },  "Lender": {    "Name": "Johnna Lockitt",    "Address": {      "Street": "Talisman Street",      "City": "Logan",      "State": "KarioLand",      "Zip": 800010    }  },  "Borrower": {    "Name": "Dannie Wainscoat",    "Address": {      "Street": "Sugar Street",      "City": "Old Shore Land",      "State": "Kinsman",      "Zip": 800011    }  },  "AccountDetails": {    "AccountNumber": 1239999,    "RoutingNumber": 30090990,    "AccountHolderName": "Cortney Puller"  },  "LoanDetails": {    "Amount": 5000,    "FinanceCharge": 500,    "Interest": 120  },  "Date": "01/01/2021",  "FinalQuarterDate": "01/12/2021"}