{
    "Author": "Gary Lee",
    "Client": {
        "FirstName": "Hellier",
        "LastName": "Wimpenny",
        "Company": "Briztman Impex"
    },
    "Sender": {
        "FirstName": "Garrott",
        "LastName": "Hoyland",
        "Company": "Royal Inc."
    },
    "Date": "1/24/2021",
    "Business Name": "ABC Construction and Distribution",
    "Business Mailing Address": "8 Laurel Street, Sunbrook Terrace, 900101",
    "Business About.Blurb.Mission": "Our organization works to deliver the best quality products to our customers.",
    "President": "Dolores Munt",
    "Secretary": "Libby Filler",
    "Treasurer": "Sosanna Mossman",
    "Director1": "Kurtis Ephgrave",
    "Director2": "Barbie Rosenfeld",
    "Director3": "Bat Glasner",
    "Company Blurb+Goals+Mission": "We are the pioneer in construction domain manufacturing high quality pre-fabricated materials for industrial markets. Our founder, Mr. Wini Bluck, have worked over the past 3 decades to bring the organization to this level. We have received multiple International and National awards for our innovative products and services.",
    "Income": "$50 Billion",
    "year": 2020,
    "total": 150,
    "past year": 2019,
    "pasttotal": 125,
    "amount": "$30 Billion",
    "years": 3,
    "expendituresamount": "$28.5 Billion"
}