{
  "Author": "Gary Lee",
  "Date": "1/24/2021",
  "Client": {
    "FirstName": "Hellier",
    "LastName": "Wimpenny",
    "Company": "Briztman Impex"
  },
  "Sender": {
    "FirstName": "Garrott",
    "LastName": "Hoyland",
    "Company": "Royal Inc."
  },
  "Business": {
    "Name": "ABC Construction and Distribution",
    "BlurbMission": "Our organization works to deliver the best quality products to our customers.",
    "Address": {
      "Street": "8 Laurel Street",
      "City": "Sunbrook Terrace",
      "Zip": 900101
    }
  },
  "President": "Dolores Munt",
  "Secretary": "Libby Filler",
  "Treasurer": "Sosanna Mossman",
  "Director1": "Kurtis Ephgrave",
  "Director2": "Barbie Rosenfeld",
  "Director3": "Bat Glasner",
  "CompanyMission": "We are the pioneer in construction domain manufacturing high quality pre-fabricated materials for industrial markets. Our founder, Mr. Wini Bluck, have worked over the past 3 decades to bring the organization to this level. We have received multiple International and National awards for our innovative products and services.",
  "Income": "$50 Billion",
  "Year": 2020,
  "Total": 150,
  "PastYear": 2019,
  "PastTotal": 125,
  "Amount": "$30 Billion",
  "Years": 3,
  "ExpendituresAmount": "$28.5 Billion"
}
