{
  "author": "Gary Lee",
  "client": {
    "firstName":"John",
    "lastName":"Smith",
    "company":"ABC Enterprises"
  },
  "sender": {
    "firstName":"George",
    "lastName":"Deo",
    "company":"Alleisy Inc."
  },
  "Date": {
    "Day": 20,
    "Month": "September",
    "Year": 2020
  },
  "property":{
    "Address":{
      "Address1": "4 Florence Alley",
      "Address2": "Coolidge Junction",
      "City": "Comanche",
      "State": "Namekagon",
      "Zip": 98001
    },
    "description":"This is a blurp about the property"
  },
  "loan":{
    "type":"Personal",
    "Currency":"$",
    "amount":1000000,
    "interestRate":"7%",
    "APR":"10.3%",
    "termByYears":"7 Years"
  }
}